Series_Title,Released_Year,Director
The Godfather,1972,Francis Ford Coppola
The Dark Knight,2008,Christopher Nolan
The Godfather: Part II,1974,Francis Ford Coppola
12 Angry Men,1957,Sidney Lumet
The Lord of the Rings: The Return of the King,2003,Peter Jackson
Pulp Fiction,1994,Quentin Tarantino
Schindler's List,1993,Steven Spielberg
Inception,2010,Christopher Nolan
Fight Club,1999,David Fincher
The Lord of the Rings: The Fellowship of the Ring,2001,Peter Jackson
Forrest Gump,1994,Robert Zemeckis
"Il buono, il brutto, il cattivo",1966,Sergio Leone
The Lord of the Rings: The Two Towers,2002,Peter Jackson
The Matrix,1999,Lana Wachowski
Goodfellas,1990,Martin Scorsese
Star Wars: Episode V - The Empire Strikes Back,1980,Irvin Kershner
One Flew Over the Cuckoo's Nest,1975,Milos Forman
Hamilton,2020,Thomas Kail
Gisaengchung,2019,Bong Joon Ho
Soorarai Pottru,2020,Sudha Kongara
Interstellar,2014,Christopher Nolan
Cidade de Deus,2002,Fernando Meirelles
Sen to Chihiro no kamikakushi,2001,Hayao Miyazaki
Saving Private Ryan,1998,Steven Spielberg
The Green Mile,1999,Frank Darabont
La vita è bella,1997,Roberto Benigni
Se7en,1995,David Fincher
The Silence of the Lambs,1991,Jonathan Demme
Star Wars,1977,George Lucas
Seppuku,1962,Masaki Kobayashi
Shichinin no samurai,1954,Akira Kurosawa
It's a Wonderful Life,1946,Frank Capra
Joker,2019,Todd Phillips
Whiplash,2014,Damien Chazelle
The Intouchables,2011,Olivier Nakache
The Prestige,2006,Christopher Nolan
The Departed,2006,Martin Scorsese
The Pianist,2002,Roman Polanski
Gladiator,2000,Ridley Scott
American History X,1998,Tony Kaye
The Usual Suspects,1995,Bryan Singer
Léon,1994,Luc Besson
The Lion King,1994,Roger Allers
Terminator 2: Judgment Day,1991,James Cameron
Nuovo Cinema Paradiso,1988,Giuseppe Tornatore
Hotaru no haka,1988,Isao Takahata
Back to the Future,1985,Robert Zemeckis
Once Upon a Time in the West,1968,Sergio Leone
Psycho,1960,Alfred Hitchcock
Casablanca,1942,Michael Curtiz
Modern Times,1936,Charles Chaplin
City Lights,1931,Charles Chaplin
Capharnaüm,2018,Nadine Labaki
Ayla: The Daughter of War,2017,Can Ulkay
Vikram Vedha,2017,Gayatri
Kimi no na wa.,2016,Makoto Shinkai
Dangal,2016,Nitesh Tiwari
Spider-Man: Into the Spider-Verse,2018,Bob Persichetti
Avengers: Endgame,2019,Anthony Russo
Avengers: Infinity War,2018,Anthony Russo
Coco,2017,Lee Unkrich
Django Unchained,2012,Quentin Tarantino
The Dark Knight Rises,2012,Christopher Nolan
3 Idiots,2009,Rajkumar Hirani
Taare Zameen Par,2007,Aamir Khan
WALL·E,2008,Andrew Stanton
The Lives of Others,2006,Florian Henckel von Donnersmarck
Oldeuboi,2003,Chan-wook Park
Memento,2000,Christopher Nolan
Mononoke-hime,1997,Hayao Miyazaki
Once Upon a Time in America,1984,Sergio Leone
Raiders of the Lost Ark,1981,Steven Spielberg
The Shining,1980,Stanley Kubrick
Apocalypse Now,1979,Francis Ford Coppola
Alien,1979,Ridley Scott
Anand,1971,Hrishikesh Mukherjee
Tengoku to jigoku,1963,Akira Kurosawa
Dr. Strangelove or: How I Learned to Stop Worrying and Love the Bomb,1964,Stanley Kubrick
Witness for the Prosecution,1957,Billy Wilder
Paths of Glory,1957,Stanley Kubrick
Rear Window,1954,Alfred Hitchcock
Sunset Blvd.,1950,Billy Wilder
The Great Dictator,1940,Charles Chaplin
1917,2019,Sam Mendes
Tumbbad,2018,Rahi Anil Barve
Andhadhun,2018,Sriram Raghavan
Drishyam,2013,Jeethu Joseph
Jagten,2012,Thomas Vinterberg
Jodaeiye Nader az Simin,2011,Asghar Farhadi
Incendies,2010,Denis Villeneuve
Miracle in cell NO.7,2019,Mehmet Ada Öztekin
Babam ve Oglum,2005,Çagan Irmak
Inglourious Basterds,2009,Quentin Tarantino
Eternal Sunshine of the Spotless Mind,2004,Michel Gondry
Amélie,2001,Jean-Pierre Jeunet
Snatch,2000,Guy Ritchie
Requiem for a Dream,2000,Darren Aronofsky
American Beauty,1999,Sam Mendes
Good Will Hunting,1997,Gus Van Sant
Bacheha-Ye aseman,1997,Majid Majidi
Toy Story,1995,John Lasseter
Braveheart,1995,Mel Gibson
Reservoir Dogs,1992,Quentin Tarantino
Full Metal Jacket,1987,Stanley Kubrick
Idi i smotri,1985,Elem Klimov
Aliens,1986,James Cameron
Amadeus,1984,Milos Forman
Scarface,1983,Brian De Palma
Star Wars: Episode VI - Return of the Jedi,1983,Richard Marquand
Das Boot,1981,Wolfgang Petersen
Taxi Driver,1976,Martin Scorsese
The Sting,1973,George Roy Hill
A Clockwork Orange,1971,Stanley Kubrick
2001: A Space Odyssey,1968,Stanley Kubrick
Per qualche dollaro in più,1965,Sergio Leone
Lawrence of Arabia,1962,David Lean
The Apartment,1960,Billy Wilder
North by Northwest,1959,Alfred Hitchcock
Vertigo,1958,Alfred Hitchcock
Singin' in the Rain,1952,Stanley Donen
Ikiru,1952,Akira Kurosawa
Ladri di biciclette,1948,Vittorio De Sica
Double Indemnity,1944,Billy Wilder
Citizen Kane,1941,Orson Welles
M - Eine Stadt sucht einen Mörder,1931,Fritz Lang
Metropolis,1927,Fritz Lang
The Kid,1921,Charles Chaplin
Chhichhore,2019,Nitesh Tiwari
Uri: The Surgical Strike,2018,Aditya Dhar
K.G.F: Chapter 1,2018,Prashanth Neel
Green Book,2018,Peter Farrelly
"Three Billboards Outside Ebbing, Missouri",2017,Martin McDonagh
Talvar,2015,Meghna Gulzar
Baahubali 2: The Conclusion,2017,S.S. Rajamouli
Klaus,2019,Sergio Pablos
Drishyam,2015,Nishikant Kamat
Queen,2013,Vikas Bahl
Mandariinid,2013,Zaza Urushadze
Bhaag Milkha Bhaag,2013,Rakeysh Omprakash Mehra
Gangs of Wasseypur,2012,Anurag Kashyap
Udaan,2010,Vikramaditya Motwane
Paan Singh Tomar,2012,Tigmanshu Dhulia
El secreto de sus ojos,2009,Juan José Campanella
Warrior,2011,Gavin O'Connor
Shutter Island,2010,Martin Scorsese
Up,2009,Pete Docter
The Wolf of Wall Street,2013,Martin Scorsese
Chak De! India,2007,Shimit Amin
There Will Be Blood,2007,Paul Thomas Anderson
Pan's Labyrinth,2006,Guillermo del Toro
Toy Story 3,2010,Lee Unkrich
V for Vendetta,2005,James McTeigue
Rang De Basanti,2006,Rakeysh Omprakash Mehra
Black,2005,Sanjay Leela Bhansali
Batman Begins,2005,Christopher Nolan
"Swades: We, the People",2004,Ashutosh Gowariker
Der Untergang,2004,Oliver Hirschbiegel
Hauru no ugoku shiro,2004,Hayao Miyazaki
A Beautiful Mind,2001,Ron Howard
Hera Pheri,2000,Priyadarshan
"Lock, Stock and Two Smoking Barrels",1998,Guy Ritchie
L.A. Confidential,1997,Curtis Hanson
Eskiya,1996,Yavuz Turgul
Heat,1995,Michael Mann
Casino,1995,Martin Scorsese
Andaz Apna Apna,1994,Rajkumar Santoshi
Unforgiven,1992,Clint Eastwood
Indiana Jones and the Last Crusade,1989,Steven Spielberg
Dom za vesanje,1988,Emir Kusturica
Tonari no Totoro,1988,Hayao Miyazaki
Die Hard,1988,John McTiernan
Ran,1985,Akira Kurosawa
Raging Bull,1980,Martin Scorsese
Stalker,1979,Andrei Tarkovsky
Höstsonaten,1978,Ingmar Bergman
The Message,1976,Moustapha Akkad
Sholay,1975,Ramesh Sippy
Monty Python and the Holy Grail,1975,Terry Gilliam
The Great Escape,1963,John Sturges
To Kill a Mockingbird,1962,Robert Mulligan
Yôjinbô,1961,Akira Kurosawa
Judgment at Nuremberg,1961,Stanley Kramer
Some Like It Hot,1959,Billy Wilder
Smultronstället,1957,Ingmar Bergman
Det sjunde inseglet,1957,Ingmar Bergman
Du rififi chez les hommes,1955,Jules Dassin
Dial M for Murder,1954,Alfred Hitchcock
Tôkyô monogatari,1953,Yasujirô Ozu
Rashômon,1950,Akira Kurosawa
All About Eve,1950,Joseph L. Mankiewicz
The Treasure of the Sierra Madre,1948,John Huston
To Be or Not to Be,1942,Ernst Lubitsch
The Gold Rush,1925,Charles Chaplin
Sherlock Jr.,1924,Buster Keaton
Portrait de la jeune fille en feu,2019,Céline Sciamma
Pink,2016,Aniruddha Roy Chowdhury
Koe no katachi,2016,Naoko Yamada
Contratiempo,2016,Oriol Paulo
Ah-ga-ssi,2016,Chan-wook Park
Mommy,2014,Xavier Dolan
Haider,2014,Vishal Bhardwaj
Logan,2017,James Mangold
Room,2015,Lenny Abrahamson
Relatos salvajes,2014,Damián Szifron
Soul,2020,Pete Docter
Kis Uykusu,2014,Nuri Bilge Ceylan
PK,2014,Rajkumar Hirani
OMG: Oh My God!,2012,Umesh Shukla
The Grand Budapest Hotel,2014,Wes Anderson
Gone Girl,2014,David Fincher
Ôkami kodomo no Ame to Yuki,2012,Mamoru Hosoda
Hacksaw Ridge,2016,Mel Gibson
Inside Out,2015,Pete Docter
Barfi!,2012,Anurag Basu
12 Years a Slave,2013,Steve McQueen
Rush,2013,Ron Howard
Ford v Ferrari,2019,James Mangold
Spotlight,2015,Tom McCarthy
Song of the Sea,2014,Tomm Moore
Kahaani,2012,Sujoy Ghosh
Zindagi Na Milegi Dobara,2011,Zoya Akhtar
Prisoners,2013,Denis Villeneuve
Mad Max: Fury Road,2015,George Miller
A Wednesday,2008,Neeraj Pandey
Gran Torino,2008,Clint Eastwood
Harry Potter and the Deathly Hallows: Part 2,2011,David Yates
Okuribito,2008,Yôjirô Takita
Hachi: A Dog's Tale,2009,Lasse Hallström
Mary and Max,2009,Adam Elliot
How to Train Your Dragon,2010,Dean DeBlois
Into the Wild,2007,Sean Penn
No Country for Old Men,2007,Ethan Coen
Lage Raho Munna Bhai,2006,Rajkumar Hirani
Million Dollar Baby,2004,Clint Eastwood
Hotel Rwanda,2004,Terry George
Taegukgi hwinalrimyeo,2004,Je-kyu Kang
Before Sunset,2004,Richard Linklater
Munna Bhai M.B.B.S.,2003,Rajkumar Hirani
Salinui chueok,2003,Bong Joon Ho
Dil Chahta Hai,2001,Farhan Akhtar
Kill Bill: Vol. 1,2003,Quentin Tarantino
Finding Nemo,2003,Andrew Stanton
Catch Me If You Can,2002,Steven Spielberg
Amores perros,2000,Alejandro G. Iñárritu
"Monsters, Inc.",2001,Pete Docter
"Shin seiki Evangelion Gekijô-ban: Air/Magokoro wo, kimi ni",1997,Hideaki Anno
Lagaan: Once Upon a Time in India,2001,Ashutosh Gowariker
The Sixth Sense,1999,M. Night Shyamalan
La leggenda del pianista sull'oceano,1998,Giuseppe Tornatore
The Truman Show,1998,Peter Weir
"Crna macka, beli macor",1998,Emir Kusturica
The Big Lebowski,1998,Joel Coen
Fa yeung nin wah,2000,Kar-Wai Wong
Trainspotting,1996,Danny Boyle
Fargo,1996,Joel Coen
Underground,1995,Emir Kusturica
La haine,1995,Mathieu Kassovitz
Dilwale Dulhania Le Jayenge,1995,Aditya Chopra
Before Sunrise,1995,Richard Linklater
Trois couleurs: Rouge,1994,Krzysztof Kieslowski
Chung Hing sam lam,1994,Kar-Wai Wong
Jurassic Park,1993,Steven Spielberg
In the Name of the Father,1993,Jim Sheridan
Ba wang bie ji,1993,Kaige Chen
Dà hóng denglong gaogao guà,1991,Yimou Zhang
Dead Poets Society,1989,Peter Weir
Stand by Me,1986,Rob Reiner
Platoon,1986,Oliver Stone
"Paris, Texas",1984,Wim Wenders
Kaze no tani no Naushika,1984,Hayao Miyazaki
The Thing,1982,John Carpenter
Pink Floyd: The Wall,1982,Alan Parker
Fitzcarraldo,1982,Werner Herzog
Fanny och Alexander,1982,Ingmar Bergman
Blade Runner,1982,Ridley Scott
The Elephant Man,1980,David Lynch
Life of Brian,1979,Terry Jones
The Deer Hunter,1978,Michael Cimino
Rocky,1976,John G. Avildsen
Network,1976,Sidney Lumet
Barry Lyndon,1975,Stanley Kubrick
Zerkalo,1975,Andrei Tarkovsky
Chinatown,1974,Roman Polanski
Paper Moon,1973,Peter Bogdanovich
Viskningar och rop,1972,Ingmar Bergman
Solaris,1972,Andrei Tarkovsky
Le samouraï,1967,Jean-Pierre Melville
Cool Hand Luke,1967,Stuart Rosenberg
Persona,1966,Ingmar Bergman
Andrei Rublev,1966,Andrei Tarkovsky
La battaglia di Algeri,1966,Gillo Pontecorvo
El ángel exterminador,1962,Luis Buñuel
What Ever Happened to Baby Jane?,1962,Robert Aldrich
Sanjuro,1962,Akira Kurosawa
The Man Who Shot Liberty Valance,1962,John Ford
Ivanovo detstvo,1962,Andrei Tarkovsky
Jungfrukällan,1960,Ingmar Bergman
Inherit the Wind,1960,Stanley Kramer
Les quatre cents coups,1959,François Truffaut
Ben-Hur,1959,William Wyler
Kakushi-toride no san-akunin,1958,Akira Kurosawa
Le notti di Cabiria,1957,Federico Fellini
Kumonosu-jô,1957,Akira Kurosawa
The Bridge on the River Kwai,1957,David Lean
On the Waterfront,1954,Elia Kazan
Le salaire de la peur,1953,Henri-Georges Clouzot
Ace in the Hole,1951,Billy Wilder
White Heat,1949,Raoul Walsh
The Third Man,1949,Carol Reed
The Red Shoes,1948,Michael Powell
The Shop Around the Corner,1940,Ernst Lubitsch
Rebecca,1940,Alfred Hitchcock
Mr. Smith Goes to Washington,1939,Frank Capra
Gone with the Wind,1939,Victor Fleming
La Grande Illusion,1937,Jean Renoir
It Happened One Night,1934,Frank Capra
La passion de Jeanne d'Arc,1928,Carl Theodor Dreyer
The Circus,1928,Charles Chaplin
Sunrise: A Song of Two Humans,1927,F.W. Murnau
The General,1926,Clyde Bruckman
Das Cabinet des Dr. Caligari,1920,Robert Wiene
Badhaai ho,2018,Amit Ravindernath Sharma
Togo,2019,Ericson Core
Airlift,2016,Raja Menon
Bajrangi Bhaijaan,2015,Kabir Khan
Baby,2015,Neeraj Pandey
La La Land,2016,Damien Chazelle
Lion,2016,Garth Davis
The Martian,2015,Ridley Scott
Zootopia,2016,Byron Howard
Bãhubali: The Beginning,2015,S.S. Rajamouli
Kaguyahime no monogatari,2013,Isao Takahata
Wonder,2017,Stephen Chbosky
Gully Boy,2019,Zoya Akhtar
Special Chabbis,2013,Neeraj Pandey
Short Term 12,2013,Destin Daniel Cretton
Serbuan maut 2: Berandal,2014,Gareth Evans
The Imitation Game,2014,Morten Tyldum
Guardians of the Galaxy,2014,James Gunn
Blade Runner 2049,2017,Denis Villeneuve
Her,2013,Spike Jonze
Bohemian Rhapsody,2018,Bryan Singer
The Revenant,2015,Alejandro G. Iñárritu
The Perks of Being a Wallflower,2012,Stephen Chbosky
Tropa de Elite 2: O Inimigo Agora é Outro,2010,José Padilha
The King's Speech,2010,Tom Hooper
The Help,2011,Tate Taylor
Deadpool,2016,Tim Miller
Darbareye Elly,2009,Asghar Farhadi
Dev.D,2009,Anurag Kashyap
Yip Man,2008,Wilson Yip
My Name Is Khan,2010,Karan Johar
Nefes: Vatan Sagolsun,2009,Levent Semerci
Slumdog Millionaire,2008,Danny Boyle
Black Swan,2010,Darren Aronofsky
Tropa de Elite,2007,José Padilha
The Avengers,2012,Joss Whedon
Persepolis,2007,Vincent Paronnaud
Dallas Buyers Club,2013,Jean-Marc Vallée
The Pursuit of Happyness,2006,Gabriele Muccino
Blood Diamond,2006,Edward Zwick
The Bourne Ultimatum,2007,Paul Greengrass
Bin-jip,2004,Ki-duk Kim
Sin City,2005,Frank Miller
Le scaphandre et le papillon,2007,Julian Schnabel
G.O.R.A.,2004,Ömer Faruk Sorak
Ratatouille,2007,Brad Bird
Casino Royale,2006,Martin Campbell
Kill Bill: Vol. 2,2004,Quentin Tarantino
Vozvrashchenie,2003,Andrey Zvyagintsev
Bom Yeoareum Gaeul Gyeoul Geurigo Bom,2003,Ki-duk Kim
Mar adentro,2014,Alejandro Amenábar
Cinderella Man,2005,Ron Howard
Kal Ho Naa Ho,2003,Nikkhil Advani
Mou gaan dou,2002,Andrew Lau
Pirates of the Caribbean: The Curse of the Black Pearl,2003,Gore Verbinski
Big Fish,2003,Tim Burton
The Incredibles,2004,Brad Bird
Yeopgijeogin geunyeo,2001,Jae-young Kwak
Dogville,2003,Lars von Trier
Vizontele,2001,Yilmaz Erdogan
Donnie Darko,2001,Richard Kelly
Magnolia,1999,Paul Thomas Anderson
Dancer in the Dark,2000,Lars von Trier
The Straight Story,1999,David Lynch
Pâfekuto burû,1997,Satoshi Kon
Festen,1998,Thomas Vinterberg
Central do Brasil,1998,Walter Salles
The Iron Giant,1999,Brad Bird
Knockin' on Heaven's Door,1997,Thomas Jahn
Sling Blade,1996,Billy Bob Thornton
Secrets & Lies,1996,Mike Leigh
Twelve Monkeys,1995,Terry Gilliam
Kôkaku Kidôtai,1995,Mamoru Oshii
The Nightmare Before Christmas,1993,Henry Selick
Groundhog Day,1993,Harold Ramis
Bound by Honor,1993,Taylor Hackford
Scent of a Woman,1992,Martin Brest
Aladdin,1992,Ron Clements
JFK,1991,Oliver Stone
Beauty and the Beast,1991,Gary Trousdale
Dances with Wolves,1990,Kevin Costner
Do the Right Thing,1989,Spike Lee
Rain Man,1988,Barry Levinson
Akira,1988,Katsuhiro Ôtomo
The Princess Bride,1987,Rob Reiner
Der Himmel über Berlin,1987,Wim Wenders
Au revoir les enfants,1987,Louis Malle
Tenkû no shiro Rapyuta,1986,Hayao Miyazaki
The Terminator,1984,James Cameron
Gandhi,1982,Richard Attenborough
Kagemusha,1980,Akira Kurosawa
Being There,1979,Hal Ashby
Annie Hall,1977,Woody Allen
Jaws,1975,Steven Spielberg
Dog Day Afternoon,1975,Sidney Lumet
Young Frankenstein,1974,Mel Brooks
Papillon,1973,Franklin J. Schaffner
The Exorcist,1973,William Friedkin
Sleuth,1972,Joseph L. Mankiewicz
The Last Picture Show,1971,Peter Bogdanovich
Fiddler on the Roof,1971,Norman Jewison
Il conformista,1970,Bernardo Bertolucci
Butch Cassidy and the Sundance Kid,1969,George Roy Hill
Rosemary's Baby,1968,Roman Polanski
Planet of the Apes,1968,Franklin J. Schaffner
The Graduate,1967,Mike Nichols
Who's Afraid of Virginia Woolf?,1966,Mike Nichols
The Sound of Music,1965,Robert Wise
Doctor Zhivago,1965,David Lean
Per un pugno di dollari,1964,Sergio Leone
8½,1963,Federico Fellini
Vivre sa vie: Film en douze tableaux,1962,Jean-Luc Godard
The Hustler,1961,Robert Rossen
La dolce vita,1960,Federico Fellini
Rio Bravo,1959,Howard Hawks
Anatomy of a Murder,1959,Otto Preminger
Touch of Evil,1958,Orson Welles
Cat on a Hot Tin Roof,1958,Richard Brooks
Sweet Smell of Success,1957,Alexander Mackendrick
The Killing,1956,Stanley Kubrick
The Night of the Hunter,1955,Charles Laughton
La Strada,1954,Federico Fellini
Les diaboliques,1955,Henri-Georges Clouzot
Stalag 17,1953,Billy Wilder
Roman Holiday,1953,William Wyler
A Streetcar Named Desire,1951,Elia Kazan
In a Lonely Place,1950,Nicholas Ray
Kind Hearts and Coronets,1949,Robert Hamer
Rope,1948,Alfred Hitchcock
Out of the Past,1947,Jacques Tourneur
Brief Encounter,1945,David Lean
Laura,1944,Otto Preminger
The Best Years of Our Lives,1946,William Wyler
Arsenic and Old Lace,1942,Frank Capra
The Maltese Falcon,1941,John Huston
The Grapes of Wrath,1940,John Ford
The Wizard of Oz,1939,Victor Fleming
La règle du jeu,1939,Jean Renoir
The Thin Man,1934,W.S. Van Dyke
All Quiet on the Western Front,1930,Lewis Milestone
Bronenosets Potemkin,1925,Sergei M. Eisenstein
Knives Out,2019,Rian Johnson
Dil Bechara,2020,Mukesh Chhabra
Manbiki kazoku,2018,Hirokazu Koreeda
Marriage Story,2019,Noah Baumbach
Call Me by Your Name,2017,Luca Guadagnino
"I, Daniel Blake",2016,Ken Loach
Isle of Dogs,2018,Wes Anderson
Hunt for the Wilderpeople,2016,Taika Waititi
Captain Fantastic,2016,Matt Ross
Sing Street,2016,John Carney
Thor: Ragnarok,2017,Taika Waititi
Nightcrawler,2014,Dan Gilroy
Jojo Rabbit,2019,Taika Waititi
Arrival,2016,Denis Villeneuve
Star Wars: Episode VII - The Force Awakens,2015,J.J. Abrams
Before Midnight,2013,Richard Linklater
X-Men: Days of Future Past,2014,Bryan Singer
Bir Zamanlar Anadolu'da,2011,Nuri Bilge Ceylan
The Artist,2011,Michel Hazanavicius
Edge of Tomorrow,2014,Doug Liman
Amour,2012,Michael Haneke
The Irishman,2019,Martin Scorsese
Un prophète,2009,Jacques Audiard
Moon,2009,Duncan Jones
Låt den rätte komma in,2008,Tomas Alfredson
District 9,2009,Neill Blomkamp
The Wrestler,2008,Darren Aronofsky
Jab We Met,2007,Imtiaz Ali
Boyhood,2014,Richard Linklater
"4 luni, 3 saptamâni si 2 zile",2007,Cristian Mungiu
Star Trek,2009,J.J. Abrams
In Bruges,2008,Martin McDonagh
The Man from Earth,2007,Richard Schenkman
Letters from Iwo Jima,2006,Clint Eastwood
The Fall,2006,Tarsem Singh
Life of Pi,2012,Ang Lee
Fantastic Mr. Fox,2009,Wes Anderson
C.R.A.Z.Y.,2005,Jean-Marc Vallée
Les choristes,2004,Christophe Barratier
Iron Man,2008,Jon Favreau
Shaun of the Dead,2004,Edgar Wright
Gegen die Wand,2004,Fatih Akin
Mystic River,2003,Clint Eastwood
Harry Potter and the Prisoner of Azkaban,2004,Alfonso Cuarón
Ying xiong,2002,Yimou Zhang
Hable con ella,2002,Pedro Almodóvar
No Man's Land,2001,Danis Tanovic
Cowboy Bebop: Tengoku no tobira,2001,Shin'ichirô Watanabe
The Bourne Identity,2002,Doug Liman
Nueve reinas,2000,Fabián Bielinsky
Children of Men,2006,Alfonso Cuarón
Almost Famous,2000,Cameron Crowe
Mulholland Dr.,2001,David Lynch
Toy Story 2,1999,John Lasseter
Boogie Nights,1997,Paul Thomas Anderson
Mimi wo sumaseba,1995,Yoshifumi Kondô
Once Were Warriors,1994,Lee Tamahori
True Romance,1993,Tony Scott
Trois couleurs: Bleu,1993,Krzysztof Kieslowski
Jûbê ninpûchô,1993,Yoshiaki Kawajiri
Carlito's Way,1993,Brian De Palma
Edward Scissorhands,1990,Tim Burton
My Left Foot: The Story of Christy Brown,1989,Jim Sheridan
Crimes and Misdemeanors,1989,Woody Allen
The Untouchables,1987,Brian De Palma
Hannah and Her Sisters,1986,Woody Allen
Brazil,1985,Terry Gilliam
This Is Spinal Tap,1984,Rob Reiner
A Christmas Story,1983,Bob Clark
The Blues Brothers,1980,John Landis
Manhattan,1979,Woody Allen
All That Jazz,1979,Bob Fosse
Dawn of the Dead,1978,George A. Romero
All the President's Men,1976,Alan J. Pakula
La montaña sagrada,1973,Alejandro Jodorowsky
Amarcord,1973,Federico Fellini
Le charme discret de la bourgeoisie,1972,Luis Buñuel
"Aguirre, der Zorn Gottes",1972,Werner Herzog
Harold and Maude,1971,Hal Ashby
Patton,1970,Franklin J. Schaffner
The Wild Bunch,1969,Sam Peckinpah
Night of the Living Dead,1968,George A. Romero
The Lion in Winter,1968,Anthony Harvey
In the Heat of the Night,1967,Norman Jewison
Charade,1963,Stanley Donen
The Manchurian Candidate,1962,John Frankenheimer
Spartacus,1960,Stanley Kubrick
L'avventura,1960,Michelangelo Antonioni
Hiroshima mon amour,1959,Alain Resnais
The Ten Commandments,1956,Cecil B. DeMille
The Searchers,1956,John Ford
East of Eden,1955,Elia Kazan
High Noon,1952,Fred Zinnemann
Strangers on a Train,1951,Alfred Hitchcock
Harvey,1950,Henry Koster
Miracle on 34th Street,1947,George Seaton
Notorious,1946,Alfred Hitchcock
The Big Sleep,1946,Howard Hawks
The Lost Weekend,1945,Billy Wilder
The Philadelphia Story,1940,George Cukor
His Girl Friday,1940,Howard Hawks
The Adventures of Robin Hood,1938,Michael Curtiz
A Night at the Opera,1935,Sam Wood
King Kong,1933,Merian C. Cooper
Freaks,1932,Tod Browning
Nosferatu,1922,F.W. Murnau
The Gentlemen,2019,Guy Ritchie
Raazi,2018,Meghna Gulzar
Sound of Metal,2019,Darius Marder
Forushande,2016,Asghar Farhadi
Dunkirk,2017,Christopher Nolan
Perfetti sconosciuti,2016,Paolo Genovese
Hidden Figures,2016,Theodore Melfi
Paddington 2,2017,Paul King
Udta Punjab,2016,Abhishek Chaubey
Kubo and the Two Strings,2016,Travis Knight
M.S. Dhoni: The Untold Story,2016,Neeraj Pandey
Manchester by the Sea,2016,Kenneth Lonergan
Under sandet,2015,Martin Zandvliet
Rogue One,2016,Gareth Edwards
Captain America: Civil War,2016,Anthony Russo
The Hateful Eight,2015,Quentin Tarantino
Little Women,2019,Greta Gerwig
Loving Vincent,2017,Dorota Kobiela
Pride,2014,Matthew Warchus
Le passé,2013,Asghar Farhadi
La grande bellezza,2013,Paolo Sorrentino
The Lunchbox,2013,Ritesh Batra
Vicky Donor,2012,Shoojit Sircar
Big Hero 6,2014,Don Hall
About Time,2013,Richard Curtis
English Vinglish,2012,Gauri Shinde
Kaze tachinu,2013,Hayao Miyazaki
Toy Story 4,2019,Josh Cooley
La migliore offerta,2013,Giuseppe Tornatore
Moonrise Kingdom,2012,Wes Anderson
How to Train Your Dragon 2,2014,Dean DeBlois
The Big Short,2015,Adam McKay
Kokuhaku,2010,Tetsuya Nakashima
Ang-ma-reul bo-at-da,2010,Jee-woon Kim
The Girl with the Dragon Tattoo,2011,David Fincher
Captain Phillips,2013,Paul Greengrass
Ajeossi,2010,Jeong-beom Lee
Straight Outta Compton,2015,F. Gary Gray
Madeo,2009,Bong Joon Ho
Chugyeokja,2008,Hong-jin Na
The Hobbit: The Desolation of Smaug,2013,Peter Jackson
Das weiße Band - Eine deutsche Kindergeschichte,2009,Michael Haneke
Män som hatar kvinnor,2009,Niels Arden Oplev
The Trial of the Chicago 7,2020,Aaron Sorkin
Druk,2020,Thomas Vinterberg
The Fighter,2010,David O. Russell
Taken,2008,Pierre Morel
The Boy in the Striped Pyjamas,2008,Mark Herman
Once,2007,John Carney
The Hobbit: An Unexpected Journey,2012,Peter Jackson
Auf der anderen Seite,2007,Fatih Akin
Atonement,2007,Joe Wright
Drive,2011,Nicolas Winding Refn
American Gangster,2007,Ridley Scott
Avatar,2009,James Cameron
Mr. Nobody,2009,Jaco Van Dormael
Apocalypto,2006,Mel Gibson
Little Miss Sunshine,2006,Jonathan Dayton
Hot Fuzz,2007,Edgar Wright
The Curious Case of Benjamin Button,2008,David Fincher
Veer-Zaara,2004,Yash Chopra
Adams æbler,2005,Anders Thomas Jensen
Pride & Prejudice,2005,Joe Wright
The World's Fastest Indian,2005,Roger Donaldson
Tôkyô goddofâzâzu,2003,Satoshi Kon
Serenity,2005,Joss Whedon
Walk the Line,2005,James Mangold
Ondskan,2003,Mikael Håfström
The Notebook,2004,Nick Cassavetes
Diarios de motocicleta,2004,Walter Salles
Lilja 4-ever,2002,Lukas Moodysson
Les triplettes de Belleville,2003,Sylvain Chomet
Gongdong gyeongbi guyeok JSA,2000,Chan-wook Park
The Count of Monte Cristo,2002,Kevin Reynolds
Waking Life,2001,Richard Linklater
Remember the Titans,2000,Boaz Yakin
Wo hu cang long,2000,Ang Lee
Todo sobre mi madre,1999,Pedro Almodóvar
Cast Away,2000,Robert Zemeckis
The Boondock Saints,1999,Troy Duffy
The Insider,1999,Michael Mann
October Sky,1999,Joe Johnston
Shrek,2001,Andrew Adamson
Titanic,1997,James Cameron
Hana-bi,1997,Takeshi Kitano
Gattaca,1997,Andrew Niccol
The Game,1997,David Fincher
Breaking the Waves,1996,Lars von Trier
Ed Wood,1994,Tim Burton
What's Eating Gilbert Grape,1993,Lasse Hallström
Tombstone,1993,George P. Cosmatos
The Sandlot,1993,David Mickey Evans
The Remains of the Day,1993,James Ivory
Naked,1993,Mike Leigh
The Fugitive,1993,Andrew Davis
A Bronx Tale,1993,Robert De Niro
Batman: Mask of the Phantasm,1993,Kevin Altieri
Lat sau san taam,1992,John Woo
Night on Earth,1991,Jim Jarmusch
La double vie de Véronique,1991,Krzysztof Kieslowski
Boyz n the Hood,1991,John Singleton
Misery,1990,Rob Reiner
Awakenings,1990,Penny Marshall
Majo no takkyûbin,1989,Hayao Miyazaki
Glory,1989,Edward Zwick
Dip huet seung hung,1989,John Woo
Back to the Future Part II,1989,Robert Zemeckis
Mississippi Burning,1988,Alan Parker
Predator,1987,John McTiernan
Evil Dead II,1987,Sam Raimi
Ferris Bueller's Day Off,1986,John Hughes
Down by Law,1986,Jim Jarmusch
The Goonies,1985,Richard Donner
The Color Purple,1985,Steven Spielberg
The Breakfast Club,1985,John Hughes
The Killing Fields,1984,Roland Joffé
Ghostbusters,1984,Ivan Reitman
The Right Stuff,1983,Philip Kaufman
The King of Comedy,1982,Martin Scorsese
E.T. the Extra-Terrestrial,1982,Steven Spielberg
Kramer vs. Kramer,1979,Robert Benton
Days of Heaven,1978,Terrence Malick
The Outlaw Josey Wales,1976,Clint Eastwood
The Man Who Would Be King,1975,John Huston
The Conversation,1974,Francis Ford Coppola
La planète sauvage,1973,René Laloux
The Day of the Jackal,1973,Fred Zinnemann
Badlands,1973,Terrence Malick
Cabaret,1972,Bob Fosse
Willy Wonka & the Chocolate Factory,1971,Mel Stuart
Midnight Cowboy,1969,John Schlesinger
Wait Until Dark,1967,Terence Young
Guess Who's Coming to Dinner,1967,Stanley Kramer
Bonnie and Clyde,1967,Arthur Penn
My Fair Lady,1964,George Cukor
Mary Poppins,1964,Robert Stevenson
The Longest Day,1962,Ken Annakin
Jules et Jim,1962,François Truffaut
The Innocents,1961,Jack Clayton
À bout de souffle,1960,Jean-Luc Godard
Red River,1948,Howard Hawks
Key Largo,1948,John Huston
To Have and Have Not,1944,Howard Hawks
Shadow of a Doubt,1943,Alfred Hitchcock
Stagecoach,1939,John Ford
The Lady Vanishes,1938,Alfred Hitchcock
Bringing Up Baby,1938,Howard Hawks
Bride of Frankenstein,1935,James Whale
Duck Soup,1933,Leo McCarey
Scarface: The Shame of the Nation,1932,Howard Hawks
Frankenstein,1931,James Whale
Roma,2018,Alfonso Cuarón
God's Own Country,2017,Francis Lee
Deadpool 2,2018,David Leitch
Wind River,2017,Taylor Sheridan
Get Out,2017,Jordan Peele
Mission: Impossible - Fallout,2018,Christopher McQuarrie
En man som heter Ove,2015,Hannes Holm
What We Do in the Shadows,2014,Jemaine Clement
Omoide no Mânî,2014,James Simone
The Theory of Everything,2014,James Marsh
Kingsman: The Secret Service,2014,Matthew Vaughn
The Fault in Our Stars,2014,Josh Boone
Me and Earl and the Dying Girl,2015,Alfonso Gomez-Rejon
Birdman or (The Unexpected Virtue of Ignorance),2014,Alejandro G. Iñárritu
La vie d'Adèle,2013,Abdellatif Kechiche
Kai po che!,2013,Abhishek Kapoor
The Broken Circle Breakdown,2012,Felix van Groeningen
Captain America: The Winter Soldier,2014,Anthony Russo
Rockstar,2011,Imtiaz Ali
Nebraska,2013,Alexander Payne
Wreck-It Ralph,2012,Rich Moore
Le Petit Prince,2015,Mark Osborne
Detachment,2011,Tony Kaye
Midnight in Paris,2011,Woody Allen
The Lego Movie,2014,Christopher Miller
Gravity,2013,Alfonso Cuarón
Star Trek Into Darkness,2013,J.J. Abrams
Beasts of No Nation,2015,Cary Joji Fukunaga
The Social Network,2010,David Fincher
X: First Class,2011,Matthew Vaughn
The Hangover,2009,Todd Phillips
Skyfall,2012,Sam Mendes
Silver Linings Playbook,2012,David O. Russell
Argo,2012,Ben Affleck
(500) Days of Summer,2009,Marc Webb
Harry Potter and the Deathly Hallows: Part 1,2010,David Yates
Gake no ue no Ponyo,2008,Hayao Miyazaki
Frost/Nixon,2008,Ron Howard
Papurika,2006,Satoshi Kon
Changeling,2008,Clint Eastwood
Flipped,2010,Rob Reiner
Toki o kakeru shôjo,2006,Mamoru Hosoda
Death Note: Desu nôto,2006,Shûsuke Kaneko
This Is England,2006,Shane Meadows
Ex Machina,2014,Alex Garland
Efter brylluppet,2006,Susanne Bier
The Last King of Scotland,2006,Kevin Macdonald
Zodiac,2007,David Fincher
Lucky Number Slevin,2006,Paul McGuigan
Joyeux Noël,2005,Christian Carion
Control,2007,Anton Corbijn
Tangled,2010,Nathan Greno
Zwartboek,2006,Paul Verhoeven
Brokeback Mountain,2005,Ang Lee
3:10 to Yuma,2007,James Mangold
Crash,2004,Paul Haggis
Kung fu,2004,Stephen Chow
The Bourne Supremacy,2004,Paul Greengrass
The Machinist,2004,Brad Anderson
Ray,2004,Taylor Hackford
Lost in Translation,2003,Sofia Coppola
Harry Potter and the Goblet of Fire,2005,Mike Newell
Man on Fire,2004,Tony Scott
Coraline,2009,Henry Selick
The Last Samurai,2003,Edward Zwick
The Magdalene Sisters,2002,Peter Mullan
Good Bye Lenin!,2003,Wolfgang Becker
In America,2002,Jim Sheridan
I Am Sam,2001,Jessie Nelson
Adaptation.,2002,Spike Jonze
Black Hawk Down,2001,Ridley Scott
Road to Perdition,2002,Sam Mendes
Das Experiment,2001,Oliver Hirschbiegel
Billy Elliot,2000,Stephen Daldry
Hedwig and the Angry Inch,2001,John Cameron Mitchell
Ocean's Eleven,2001,Steven Soderbergh
Vampire Hunter D: Bloodlust,2000,Yoshiaki Kawajiri
"O Brother, Where Art Thou?",2000,Joel Coen
Interstate 60: Episodes of the Road,2002,Bob Gale
"South Park: Bigger, Longer & Uncut",1999,Trey Parker
Office Space,1999,Mike Judge
Happiness,1998,Todd Solondz
Training Day,2001,Antoine Fuqua
Rushmore,1998,Wes Anderson
Abre los ojos,1997,Alejandro Amenábar
Being John Malkovich,1999,Spike Jonze
As Good as It Gets,1997,James L. Brooks
The Fifth Element,1997,Luc Besson
Le dîner de cons,1998,Francis Veber
Donnie Brasco,1997,Mike Newell
Shine,1996,Scott Hicks
Primal Fear,1996,Gregory Hoblit
Hamlet,1996,Kenneth Branagh
A Little Princess,1995,Alfonso Cuarón
Do lok tin si,1995,Kar-Wai Wong
Il postino,1994,Michael Radford
Clerks,1994,Kevin Smith
Short Cuts,1993,Robert Altman
Philadelphia,1993,Jonathan Demme
The Muppet Christmas Carol,1992,Brian Henson
Malcolm X,1992,Spike Lee
The Last of the Mohicans,1992,Michael Mann
Kurenai no buta,1992,Hayao Miyazaki
Glengarry Glen Ross,1992,James Foley
A Few Good Men,1992,Rob Reiner
Fried Green Tomatoes,1991,Jon Avnet
Barton Fink,1991,Joel Coen
Miller's Crossing,1990,Joel Coen
Who Framed Roger Rabbit,1988,Robert Zemeckis
Spoorloos,1988,George Sluizer
Withnail & I,1987,Bruce Robinson
The Last Emperor,1987,Bernardo Bertolucci
Empire of the Sun,1987,Steven Spielberg
Der Name der Rose,1986,Jean-Jacques Annaud
Blue Velvet,1986,David Lynch
The Purple Rose of Cairo,1985,Woody Allen
After Hours,1985,Martin Scorsese
Zelig,1983,Woody Allen
The Verdict,1982,Sidney Lumet
Star Trek II: The Wrath of Khan,1982,Nicholas Meyer
First Blood,1982,Ted Kotcheff
Ordinary People,1980,Robert Redford
Airplane!,1980,Jim Abrahams
Rupan sansei: Kariosutoro no shiro,1979,Hayao Miyazaki
Halloween,1978,John Carpenter
Le locataire,1976,Roman Polanski
Love and Death,1975,Woody Allen
The Taking of Pelham One Two Three,1974,Joseph Sargent
Blazing Saddles,1974,Mel Brooks
Serpico,1973,Sidney Lumet
Enter the Dragon,1973,Robert Clouse
Deliverance,1972,John Boorman
The French Connection,1971,William Friedkin
Dirty Harry,1971,Don Siegel
Where Eagles Dare,1968,Brian G. Hutton
The Odd Couple,1968,Gene Saks
The Dirty Dozen,1967,Robert Aldrich
Belle de jour,1967,Luis Buñuel
A Man for All Seasons,1966,Fred Zinnemann
Repulsion,1965,Roman Polanski
Zulu,1964,Cy Endfield
Goldfinger,1964,Guy Hamilton
The Birds,1963,Alfred Hitchcock
Cape Fear,1962,J. Lee Thompson
Peeping Tom,1960,Michael Powell
The Magnificent Seven,1960,John Sturges
Les yeux sans visage,1960,Georges Franju
Invasion of the Body Snatchers,1956,Don Siegel
Rebel Without a Cause,1955,Nicholas Ray
The Ladykillers,1955,Alexander Mackendrick
Sabrina,1954,Billy Wilder
The Quiet Man,1952,John Ford
The Day the Earth Stood Still,1951,Robert Wise
The African Queen,1951,John Huston
Gilda,1946,Charles Vidor
Fantasia,1940,James Algar
The Invisible Man,1933,James Whale
Dark Waters,2019,Todd Haynes
Searching,2018,Aneesh Chaganty
Once Upon a Time... in Hollywood,2019,Quentin Tarantino
Nelyubov,2017,Andrey Zvyagintsev
The Florida Project,2017,Sean Baker
Just Mercy,2019,Destin Daniel Cretton
Gifted,2017,Marc Webb
The Peanut Butter Falcon,2019,Tyler Nilson
Victoria,2015,Sebastian Schipper
Mustang,2015,Deniz Gamze Ergüven
Guardians of the Galaxy Vol. 2,2017,James Gunn
Baby Driver,2017,Edgar Wright
Only the Brave,2017,Joseph Kosinski
Bridge of Spies,2015,Steven Spielberg
Incredibles 2,2018,Brad Bird
Moana,2016,Ron Clements
Sicario,2015,Denis Villeneuve
Creed,2015,Ryan Coogler
Leviafan,2014,Andrey Zvyagintsev
Hell or High Water,2016,David Mackenzie
Philomena,2013,Stephen Frears
Dawn of the Planet of the Apes,2014,Matt Reeves
El cuerpo,2012,Oriol Paulo
Serbuan maut,2011,Gareth Evans
End of Watch,2012,David Ayer
Kari-gurashi no Arietti,2010,Hiromasa Yonebayashi
A Star Is Born,2018,Bradley Cooper
True Grit,2010,Ethan Coen
Hævnen,2010,Susanne Bier
Despicable Me,2010,Pierre Coffin
50/50,2011,Jonathan Levine
Kick-Ass,2010,Matthew Vaughn
Celda 211,2009,Daniel Monzón
Moneyball,2011,Bennett Miller
La piel que habito,2011,Pedro Almodóvar
Zombieland,2009,Ruben Fleischer
Die Welle,2008,Dennis Gansel
Sherlock Holmes,2009,Guy Ritchie
The Blind Side,2009,John Lee Hancock
The Visitor,2007,Tom McCarthy
Seven Pounds,2008,Gabriele Muccino
Eastern Promises,2007,David Cronenberg
Stardust,2007,Matthew Vaughn
The Secret of Kells,2009,Tomm Moore
Inside Man,2006,Spike Lee
Gone Baby Gone,2007,Ben Affleck
La Vie En Rose,2007,Olivier Dahan
Huo Yuan Jia,2006,Ronny Yu
The Illusionist,2006,Neil Burger
Dead Man's Shoes,2004,Shane Meadows
Harry Potter and the Half-Blood Prince,2009,David Yates
300,2006,Zack Snyder
Match Point,2005,Woody Allen
Watchmen,2009,Zack Snyder
Lord of War,2005,Andrew Niccol
Saw,2004,James Wan
"Synecdoche, New York",2008,Charlie Kaufman
Mysterious Skin,2004,Gregg Araki
Jeux d'enfants,2003,Yann Samuell
Un long dimanche de fiançailles,2004,Jean-Pierre Jeunet
The Station Agent,2003,Tom McCarthy
21 Grams,2003,Alejandro G. Iñárritu
Boksuneun naui geot,2002,Chan-wook Park
Finding Neverland,2004,Marc Forster
25th Hour,2002,Spike Lee
The Butterfly Effect,2004,Eric Bress
28 Days Later...,2002,Danny Boyle
Batoru rowaiaru,2000,Kinji Fukasaku
The Royal Tenenbaums,2001,Wes Anderson
Y tu mamá también,2001,Alfonso Cuarón
Harry Potter and the Sorcerer's Stone,2001,Chris Columbus
The Others,2001,Alejandro Amenábar
Blow,2001,Ted Demme
Enemy at the Gates,2001,Jean-Jacques Annaud
Minority Report,2002,Steven Spielberg
The Hurricane,1999,Norman Jewison
American Psycho,2000,Mary Harron
Lola rennt,1998,Tom Tykwer
The Thin Red Line,1998,Terrence Malick
Mulan,1998,Tony Bancroft
Fear and Loathing in Las Vegas,1998,Terry Gilliam
Funny Games,1997,Michael Haneke
Dark City,1998,Alex Proyas
Sleepers,1996,Barry Levinson
Lost Highway,1997,David Lynch
Sense and Sensibility,1995,Ang Lee
Die Hard: With a Vengeance,1995,John McTiernan
Dead Man,1995,Jim Jarmusch
The Bridges of Madison County,1995,Clint Eastwood
Apollo 13,PG,Ron Howard
Trois couleurs: Blanc,1994,Krzysztof Kieslowski
Falling Down,1993,Joel Schumacher
Dazed and Confused,1993,Richard Linklater
My Cousin Vinny,1992,Jonathan Lynn
Omohide poro poro,1991,Isao Takahata
Delicatessen,1991,Marc Caro
Home Alone,1990,Chris Columbus
The Godfather: Part III,1990,Francis Ford Coppola
When Harry Met Sally...,1989,Rob Reiner
The Little Mermaid,1989,Ron Clements
The Naked Gun: From the Files of Police Squad!,1988,David Zucker
"Planes, Trains & Automobiles",1987,John Hughes
Lethal Weapon,1987,Richard Donner
Blood Simple,1984,Joel Coen
On Golden Pond,1981,Mark Rydell
Mad Max 2,1981,George Miller
The Warriors,1979,Walter Hill
The Muppet Movie,1979,James Frawley
Escape from Alcatraz,1979,Don Siegel
Watership Down,1978,Martin Rosen
Midnight Express,1978,Alan Parker
Close Encounters of the Third Kind,1977,Steven Spielberg
The Long Goodbye,1973,Robert Altman
Giù la testa,1971,Sergio Leone
Kelly's Heroes,1970,Brian G. Hutton
The Jungle Book,1967,Wolfgang Reitherman
Blowup,1966,Michelangelo Antonioni
A Hard Day's Night,1964,Richard Lester
Breakfast at Tiffany's,1961,Blake Edwards
Giant,1956,George Stevens
From Here to Eternity,1953,Fred Zinnemann
Lifeboat,1944,Alfred Hitchcock
The 39 Steps,1935,Alfred Hitchcock
